{"box_data": [{"position": {"minX": 0.08337825536727905, "maxX": 0.6259953379631042, "minY": 0.08982227742671967, "maxY": 0.6401233673095703}, "class_id": 0, "box_caption": "circle", "scores": {"acc": 1}}], "class_labels": {"0": "circle"}}