{"box_data": [{"position": {"minX": 0.027405820786952972, "maxX": 0.6078739166259766, "minY": 0.02318505197763443, "maxY": 0.6080370545387268}, "class_id": 0, "box_caption": "circle", "scores": {"acc": 1}}], "class_labels": {"0": "circle"}}