{"box_data": [{"position": {"minX": 0.02080770954489708, "maxX": 0.23146912455558777, "minY": 0.4314741790294647, "maxY": 0.6463002562522888}, "class_id": 0, "box_caption": "circle", "scores": {"acc": 1}}], "class_labels": {"0": "circle"}}