{"box_data": [{"position": {"minX": 0.08337828516960144, "maxX": 0.6259954571723938, "minY": 0.08982224017381668, "maxY": 0.6401233673095703}, "class_id": 0, "box_caption": "circle", "scores": {"acc": 1}}], "class_labels": {"0": "circle"}}