{"box_data": [{"position": {"minX": 0.010833482258021832, "maxX": 0.6433043479919434, "minY": 0.03387556970119476, "maxY": 0.6702195405960083}, "class_id": 0, "box_caption": "circle", "scores": {"acc": 1}}], "class_labels": {"0": "circle"}}