{"box_data": [{"position": {"minX": 0.3205690383911133, "maxX": 0.6874929666519165, "minY": 0.22767813503742218, "maxY": 0.5844459533691406}, "class_id": 0, "box_caption": "circle", "scores": {"acc": 1}}], "class_labels": {"0": "circle"}}