{"box_data": [{"position": {"minX": 0.020959503948688507, "maxX": 0.6640928387641907, "minY": 0.02212473750114441, "maxY": 0.6648251414299011}, "class_id": 0, "box_caption": "circle", "scores": {"acc": 1}}], "class_labels": {"0": "circle"}}